"Symbol","Timestamp","Human Time","NOPE","Stock Price","Stock Volume","Call Net Delta * Volume","Put Net Delta * Volume"
"SPY","1610721060000","January 15, 2021 9:31 am","-6.8414134478518","376.985","2312756","411893.8","-570119"
"SPY","1610721120000","January 15, 2021 9:32 am","-5.3561393911774","377.335","2628746","881253.7","-1022053"
"SPY","1610721180000","January 15, 2021 9:33 am","0.48532397399333","377.37","3893152","1507640.8","-1488746.4"
"SPY","1610721240000","January 15, 2021 9:34 am","6.1799860093517","377.285","4074150","1981626.8","-1729844.9"
"SPY","1610721300000","January 15, 2021 9:35 am","3.1887957502733","377.185","4277734","2257388.1","-2120979.9"
"SPY","1610721300000","January 15, 2021 9:35 am","6.5837266966184","377.19","4218111","2223651.8","-1945942.9"
"SPY","1610721360000","January 15, 2021 9:36 am","1.0271366337717","376.995","4386690","2361585.3","-2316528"
"SPY","1610721360000","January 15, 2021 9:36 am","4.0598248643671","376.99","4349429","2389714","-2213134.8"
"SPY","1610721420000","January 15, 2021 9:37 am","0.63765807518917","376.985","4519052","2667565.7","-2638749.6"
"SPY","1610721480000","January 15, 2021 9:38 am","5.8707781004198","377.11","4682519","3221519.8","-2946619.5"
"SPY","1610721540000","January 15, 2021 9:39 am","14.366305806604","376.935","4820890","3907608.7","-3215024.9"
"SPY","1610721600000","January 15, 2021 9:40 am","19.992471047774","377.09","5169378","4790734.6","-3757248.2"
"SPY","1610721600000","January 15, 2021 9:40 am","16.392047814811","376.99","4995105","4249191.8","-3430391.8"
"SPY","1610721660000","January 15, 2021 9:41 am","17.338732367129","377.1","5274524","5013417.2","-4098881.6"
"SPY","1610721660000","January 15, 2021 9:41 am","18.875193846059","377.195","5210320","4873589.9","-3890131.9"
"SPY","1610721720000","January 15, 2021 9:42 am","15.034516714475","377","5337559","5026262.4","-4223786.2"
"SPY","1610721780000","January 15, 2021 9:43 am","15.415347481071","376.885","5504343","5315016.7","-4466503.1"
"SPY","1610721840000","January 15, 2021 9:44 am","18.004153171662","377.135","5648695","5596701.9","-4579702.2"
"SPY","1610721900000","January 15, 2021 9:45 am","23.67073968105","377.265","5940236","6340202.3","-4934104.5"
"SPY","1610721900000","January 15, 2021 9:45 am","25.382555955903","377.11","5879898","6325054.4","-4832586"
"SPY","1610721960000","January 15, 2021 9:46 am","33.504333252183","377.49","6038190","6985831.5","-4962776.2"
"SPY","1610721960000","January 15, 2021 9:46 am","27.358143343562","377.395","5993656","6615562.9","-4975809.9"
"SPY","1610722020000","January 15, 2021 9:47 am","25.738213447665","377.395","6182724","6923147.5","-5331824.8"
"SPY","1610722080000","January 15, 2021 9:48 am","28.810413174785","377.475","6337318","7390945.8","-5565138.3"
"SPY","1610722140000","January 15, 2021 9:49 am","29.492315693285","377.335","6451135","7666618.6","-5764029.5"
"SPY","1610722200000","January 15, 2021 9:50 am","30.102268578534","377.425","6644954","7940542.1","-5940260.2"
"SPY","1610722200000","January 15, 2021 9:50 am","31.923909121763","377.39","6538287","7916640.1","-5829363.3"
"SPY","1610722260000","January 15, 2021 9:51 am","32.323128618989","377.36","6709056","8138076.6","-5969499.8"
"SPY","1610722260000","January 15, 2021 9:51 am","30.926938917575","377.32","6691401","8063626.5","-5994181"
"SPY","1610722320000","January 15, 2021 9:52 am","28.184957217118","377.3","6889204","8103123","-6161403.8"
"SPY","1610722380000","January 15, 2021 9:53 am","25.937722994139","377.135","7055959","8165672.1","-6335517"
"SPY","1610722440000","January 15, 2021 9:54 am","24.518657368372","377.145","7159879","8262888.1","-6507381.9"
"SPY","1610722500000","January 15, 2021 9:55 am","23.934212086381","377.075","7287144","8384615.6","-6640495.1"
"SPY","1610722560000","January 15, 2021 9:56 am","15.661231683714","376.915","7505206","8559378.3","-7383970.6"
"SPY","1610722560000","January 15, 2021 9:56 am","9.5195014346079","376.755","7440709","8133946.1","-7425627.7"
"SPY","1610722620000","January 15, 2021 9:57 am","14.665986742131","376.825","7584175","8647916.8","-7535622.7"
"SPY","1610722680000","January 15, 2021 9:58 am","12.458178644788","376.96","7732473","8598784.3","-7635459"
"SPY","1610722740000","January 15, 2021 9:59 am","16.315347710228","377.02","7859648","8981821.5","-7699492.6"
"SPY","1610722800000","January 15, 2021 10:00 am","25.773888551053","377.07","8021646","9848318.9","-7780828.8"
"SPY","1610722800000","January 15, 2021 10:00 am","21.228831816752","377.21","7944293","9237566.7","-7551086.1"
"SPY","1610722860000","January 15, 2021 10:01 am","19.865168591886","377.115","8123404","9642138.9","-8028411"
"SPY","1610722860000","January 15, 2021 10:01 am","18.850315983203","377.15","8075271","9561430.4","-8039216.3"
"SPY","1610722920000","January 15, 2021 10:02 am","18.722877389588","376.915","8190952","9745076.5","-8211494.6"
"SPY","1610722980000","January 15, 2021 10:03 am","18.620381266747","377.005","8297865","10046495.4","-8501401.3"
"SPY","1610723040000","January 15, 2021 10:04 am","1.191940291405","376.42","8531971","9487676.2","-9385980.2"
"SPY","1610723100000","January 15, 2021 10:05 am","-16.569492731505","376.12","9117637","9690920.5","-11201666.7"
"SPY","1610723100000","January 15, 2021 10:05 am","-7.8529193441283","376.37","8791598","9611807.5","-10302204.6"
"SPY","1610723160000","January 15, 2021 10:06 am","-38.485102693162","375.77","9745050","9122445.9","-12872838.4"
"SPY","1610723160000","January 15, 2021 10:06 am","-35.093376709109","375.735","9388958","9102232.8","-12397135.2"
"SPY","1610723220000","January 15, 2021 10:07 am","-41.424028906616","375.725","10632860","9396070.8","-13800629.8"
"SPY","1610723280000","January 15, 2021 10:08 am","-55.967728090487","374.995","11276928","9095688.9","-15407129.3"
"SPY","1610723340000","January 15, 2021 10:09 am","-53.76396534108","375.34","11614557","9607382.5","-15851828.9"
"SPY","1610723400000","January 15, 2021 10:10 am","-61.558973706429","375.225","12432583","9696622.3","-17349992.8"
"SPY","1610723400000","January 15, 2021 10:10 am","-63.141181249733","374.815","12261607","9087332.2","-16829455.7"
"SPY","1610723460000","January 15, 2021 10:11 am","-53.02294194254","375.23","12635155","10348704","-17048234.9"
"SPY","1610723460000","January 15, 2021 10:11 am","-54.022835548624","375.23","12561555","10221915.6","-17008023.8"
"SPY","1610723520000","January 15, 2021 10:12 am","-41.209460458264","375.655","12846439","11293900.9","-16587849.1"
"SPY","1610723580000","January 15, 2021 10:13 am","-45.976700497699","375.49","13044828","10649349.1","-16646930.6"
"SPY","1610723640000","January 15, 2021 10:14 am","-52.206703460618","375.285","13345853","10531545.4","-17498975.3"
"SPY","1610723700000","January 15, 2021 10:15 am","-42.760077968901","375.25","15149630","12704343.7","-19182337.3"
"SPY","1610723700000","January 15, 2021 10:15 am","-41.657383543206","375.2","13496894","12911349.1","-18533802"
"SPY","1610723760000","January 15, 2021 10:16 am","-53.288401418537","375.05","15310424","12202631","-20361311.2"
"SPY","1610723760000","January 15, 2021 10:16 am","-42.839583811247","375.235","15187532","12720651.7","-19226927.2"
"SPY","1610723820000","January 15, 2021 10:17 am","-61.842497439367","374.805","15462974","11878477.4","-21441166.7"
"SPY","1610723880000","January 15, 2021 10:18 am","-56.869366579972","374.72","15696504","12469273.9","-21395776.3"
"SPY","1610723940000","January 15, 2021 10:19 am","-37.021020435295","374.665","28003559","12276903.3","-22644106.6"
"SPY","1610724000000","January 15, 2021 10:20 am","-44.37336368996","374.435","28829729","12120917","-24913637.5"
"SPY","1610724000000","January 15, 2021 10:20 am","-39.223547540628","374.645","28334407","12310085.9","-23423845.5"
"SPY","1610724060000","January 15, 2021 10:21 am","-41.846460936715","374.19","29074360","13621136.2","-25787726.9"
"SPY","1610724060000","January 15, 2021 10:21 am","-37.547258637049","374.37","28894824","13922644","-24771858.3"
"SPY","1610724120000","January 15, 2021 10:22 am","-44.266594987738","374.045","30893319","13269384","-26944804.4"
"SPY","1610724180000","January 15, 2021 10:23 am","-42.181342709508","374.065","31205335","13820395.1","-26983224.4"
"SPY","1610724240000","January 15, 2021 10:24 am","-46.019352672054","373.905","31777834","13742832.9","-28366786.4"
"SPY","1610724300000","January 15, 2021 10:25 am","-42.113346229093","374.105","32645356","14648959.5","-28397011.3"
"SPY","1610724300000","January 15, 2021 10:25 am","-45.590892503453","373.795","32171080","14053274.3","-28720356.8"
"SPY","1610724360000","January 15, 2021 10:26 am","-30.579774516514","374.405","32938288","17452912","-27525366.2"
"SPY","1610724360000","January 15, 2021 10:26 am","-42.158187519613","374.295","32742975","14722319.2","-28526164"
"SPY","1610724420000","January 15, 2021 10:27 am","-33.028732440514","374.53","34866269","17146884.6","-28662771.3"
"SPY","1610724480000","January 15, 2021 10:28 am","-29.331491848821","374.535","35272629","18034290.4","-28380278.7"
"SPY","1610724540000","January 15, 2021 10:29 am","-34.50910995322","374.285","35532784","17519833.3","-29781880.8"
"SPY","1610724600000","January 15, 2021 10:30 am","-31.451446783909","374.52","35937053","18467865.3","-29770588.4"
"SPY","1610724600000","January 15, 2021 10:30 am","-32.759441675515","374.395","35744662","18049571.6","-29759323.3"
"SPY","1610724660000","January 15, 2021 10:31 am","-31.134554851419","374.66","36070799","18617737","-29848219.7"
"SPY","1610724660000","January 15, 2021 10:31 am","-33.217303335494","374.515","35982103","18240095.4","-30192379.7"
"SPY","1610724720000","January 15, 2021 10:32 am","-24.656949475492","374.815","36332447","19925570.6","-28884043.7"
"SPY","1610724780000","January 15, 2021 10:33 am","-23.444247481588","374.82","36552295","20380219.8","-28949630.3"
"SPY","1610724840000","January 15, 2021 10:34 am","-18.944255010209","375.15","36824565","21342725.6","-28318865.1"
"SPY","1610724900000","January 15, 2021 10:35 am","-14.969344544425","375.365","37212789","22517679.1","-28088189.7"
"SPY","1610724900000","January 15, 2021 10:35 am","-18.196512775405","375.235","37062425","21869086","-28613154.9"
"SPY","1610724960000","January 15, 2021 10:36 am","-13.944073663026","375.38","37312939","22537173.4","-27740117.1"
"SPY","1610724960000","January 15, 2021 10:36 am","-17.089002221987","375.275","37244587","22201739.8","-28566468.1"
"SPY","1610725020000","January 15, 2021 10:37 am","-15.212396542466","375.355","37415110","22770631.3","-28462366.2"
"SPY","1610725080000","January 15, 2021 10:38 am","-20.037428014378","375.175","37591361","22237165.6","-29769507.5"
"SPY","1610725140000","January 15, 2021 10:39 am","-21.017945215182","375.285","37725488","22422234.4","-30351356.8"
"SPY","1610725200000","January 15, 2021 10:40 am","-17.105961988025","375.52","38014283","23567931.2","-30070640"
"SPY","1610725200000","January 15, 2021 10:40 am","-15.40099176475","375.345","37841837","23656731.4","-29484749.6"
"SPY","1610725260000","January 15, 2021 10:41 am","-11.240673349374","375.415","38131052","24648633.3","-28934820.3"
"SPY","1610725260000","January 15, 2021 10:41 am","-12.851232114706","375.525","38036556","24349472.4","-29237638.5"
"SPY","1610725320000","January 15, 2021 10:42 am","-15.294712376927","375.5","38191338","24115787.9","-29957043.2"
"SPY","1610725380000","January 15, 2021 10:43 am","-16.171628307614","375.32","38256463","24052809.4","-30239502.4"
"SPY","1610725440000","January 15, 2021 10:44 am","-18.180776124918","375.33","38318445","23798284.8","-30764875.5"
"SPY","1610725500000","January 15, 2021 10:45 am","-17.736502912117","375.355","38424622","23856523.1","-30671707.3"
"SPY","1610725500000","January 15, 2021 10:45 am","-16.686274610467","375.395","38373053","24067781.2","-30470814.2"
"SPY","1610725560000","January 15, 2021 10:46 am","-20.879346669323","375.17","38519177","23585279.9","-31627832.4"
"SPY","1610725560000","January 15, 2021 10:46 am","-19.722448861611","375.175","38470316","23732471.1","-31319759.5"
"SPY","1610725620000","January 15, 2021 10:47 am","-20.843078026769","375.175","38567059","23701658.3","-31740220.5"
"SPY","1610725680000","January 15, 2021 10:48 am","-18.798643359256","375.265","38660493","24344066.5","-31611714.7"
"SPY","1610725740000","January 15, 2021 10:49 am","-21.208875404424","375.235","38741536","24011170.1","-32227814.2"
"SPY","1610725800000","January 15, 2021 10:50 am","-19.099452427793","375.39","39011476","24871085.5","-32322063.8"
"SPY","1610725800000","January 15, 2021 10:50 am","-20.829199270307","375.355","38849190","24189523","-32281498.2"
"SPY","1610725860000","January 15, 2021 10:51 am","-13.994954747976","375.59","39904845","25871222.7","-31455887.7"
"SPY","1610725860000","January 15, 2021 10:51 am","-18.991474120558","375.435","39078432","24953914","-32375484.3"
"SPY","1610725920000","January 15, 2021 10:52 am","-12.984812345581","375.545","39996367","26163951.1","-31357404.3"
"SPY","1610725980000","January 15, 2021 10:53 am","-12.925041785394","375.705","40165351","26590537.5","-31781925.9"
"SPY","1610726040000","January 15, 2021 10:54 am","-13.66664471427","375.55","40268952","26572341.9","-32075756.5"
"SPY","1610726100000","January 15, 2021 10:55 am","-19.46785101378","375.3","40398179","25684456.3","-33549113.6"
"SPY","1610726100000","January 15, 2021 10:55 am","-13.454802021325","375.475","40331162","26644385.3","-32070863.3"
"SPY","1610726160000","January 15, 2021 10:56 am","-22.243285473115","375.185","40877303","25273801.5","-34366256.7"
"SPY","1610726160000","January 15, 2021 10:56 am","-17.178085374204","375.18","40823549","26125422.4","-33138126.5"
"SPY","1610726220000","January 15, 2021 10:57 am","-20.781923157733","375.235","40912588","25654939.4","-34157362"
"SPY","1610726280000","January 15, 2021 10:58 am","-21.335446669378","375.155","41006572","25522288.8","-34271224.1"
"SPY","1610726340000","January 15, 2021 10:59 am","-23.971717971695","375.185","41061765","25177147.6","-35020358.1"
"SPY","1610726400000","January 15, 2021 11:00 am","-24.222987975277","375.055","41281948","25435181.1","-35434902.4"
"SPY","1610726400000","January 15, 2021 11:00 am","-21.626436365044","375.26","41154841","25751843.1","-34652168.6"
"SPY","1610726460000","January 15, 2021 11:01 am","-29.148562901879","374.895","41386005","24724710.3","-36788136"
"SPY","1610726460000","January 15, 2021 11:01 am","-26.204626233016","374.855","41335834","25134773.8","-35966674.6"
"SPY","1610726520000","January 15, 2021 11:02 am","-26.735885049657","374.93","41467645","25269006","-36355747.9"
"SPY","1610726580000","January 15, 2021 11:03 am","-25.290027909675","374.935","41664404","25677605.6","-36214545"
"SPY","1610726640000","January 15, 2021 11:04 am","-32.671953863615","374.645","42110278","24620435.3","-38378685.9"
"SPY","1610726700000","January 15, 2021 11:05 am","-39.351022577607","374.45","42352629","23766179.3","-40432371.9"
"SPY","1610726700000","January 15, 2021 11:05 am","-33.475908238711","374.635","42210654","24643143.1","-38773542.9"
"SPY","1610726760000","January 15, 2021 11:06 am","-37.747024337788","374.53","42479620","24230081.8","-40264874.3"
"SPY","1610726760000","January 15, 2021 11:06 am","-38.467095032638","374.385","42394435","23962609.6","-40270517.2"
"SPY","1610726820000","January 15, 2021 11:07 am","-38.153904831462","374.36","42521784","24225515","-40449236"
"SPY","1610726880000","January 15, 2021 11:08 am","-36.215485108056","374.535","42610991","24795122.8","-40226899.9"
"SPY","1610726940000","January 15, 2021 11:09 am","-34.663407585041","374.6","42699759","25203232.7","-40004424.2"
"SPY","1610727000000","January 15, 2021 11:10 am","-34.413654742219","374.705","42937083","25468190.4","-40244409.9"
"SPY","1610727000000","January 15, 2021 11:10 am","-32.900260316301","374.78","42807154","25635974.8","-39719639.9"
"SPY","1610727060000","January 15, 2021 11:11 am","-37.493712254365","374.635","43512813","25067768.7","-41382337.6"
"SPY","1610727060000","January 15, 2021 11:11 am","-35.507834276194","374.66","42979848","25300202.3","-40561415.5"
"SPY","1610727120000","January 15, 2021 11:12 am","-29.13032637077","374.98","43633932","26810792.2","-39521499"
"SPY","1610727180000","January 15, 2021 11:13 am","-24.179150925937","375.215","43826589","28390871","-38987768.1"
"SPY","1610727240000","January 15, 2021 11:14 am","-25.575751377749","375.11","44012183","29029573.2","-40286019.7"
"SPY","1610727300000","January 15, 2021 11:15 am","-27.809517614087","374.995","44318334","28755171.8","-41079886.7"
"SPY","1610727300000","January 15, 2021 11:15 am","-25.393987822526","375.05","44211303","29186384.5","-40413397.4"
"SPY","1610727360000","January 15, 2021 11:16 am","-30.660809517529","374.93","44385302","28324847.4","-41933740.3"
"SPY","1610727360000","January 15, 2021 11:16 am","-29.511808577387","374.925","44323290","28447214.9","-41527819.4"
"SPY","1610727420000","January 15, 2021 11:17 am","-22.329664988656","375.345","44453838","30060758.5","-39987151.6"
"SPY","1610727480000","January 15, 2021 11:18 am","-20.626633347898","375.175","44596286","30636827.8","-39835540.2"
"SPY","1610727540000","January 15, 2021 11:19 am","-20.346320831639","375.255","44688822","30721462.5","-39813993.6"
"SPY","1610727600000","January 15, 2021 11:20 am","-5.5381410825031","375.83","45031509","34257169.9","-36751078.4"
"SPY","1610727660000","January 15, 2021 11:21 am","-7.7785387954717","375.845","45230369","34075667.4","-37593929.2"
"SPY","1610727660000","January 15, 2021 11:21 am","-4.9609785016827","375.785","45131532","34582636.6","-36821602.2"
"SPY","1610727660000","January 15, 2021 11:21 am","-4.9438164438266","375.775","45141233","34593251.2","-36824950.9"
"SPY","1610727720000","January 15, 2021 11:22 am","-5.1741685929183","375.775","45250667","34706331","-37047676.8"
"SPY","1610727780000","January 15, 2021 11:23 am","-9.5204139294512","375.64","45414309","33900487.6","-38224117.8"
"SPY","1610727840000","January 15, 2021 11:24 am","-9.458165023324","375.635","45542944","34142146.9","-38449673.7"
"SPY","1610727900000","January 15, 2021 11:25 am","-3.0344197510202","375.895","46245105","35961304.6","-37364575.2"
"SPY","1610727900000","January 15, 2021 11:25 am","-5.0461969216975","375.825","45662891","35260936.1","-37565175.5"
"SPY","1610727960000","January 15, 2021 11:26 am","-1.041196738071","375.92","46324857","36606141.7","-37088474.6"
"SPY","1610727960000","January 15, 2021 11:26 am","-2.0653379730104","375.98","46274775","36302542.4","-37258272.9"
"SPY","1610728020000","January 15, 2021 11:27 am","-0.40486803095349","375.975","46466919","37834662.4","-38022792.1"
"SPY","1610728080000","January 15, 2021 11:28 am","4.3862167993546","376.295","46628386","39057141.9","-37011919.8"
"SPY","1610728140000","January 15, 2021 11:29 am","7.5169896655353","376.395","46830969","40467966","-36947686.9"
"SPY","1610728200000","January 15, 2021 11:30 am","10.862012562808","376.445","47154742","42023609.5","-36901655.5"
"SPY","1610728200000","January 15, 2021 11:30 am","10.754687381177","376.485","47010525","41616081.5","-36560246.5"
"SPY","1610728260000","January 15, 2021 11:31 am","8.2135044803445","376.31","47266343","41463314.8","-37581091.6"
"SPY","1610728260000","January 15, 2021 11:31 am","10.883496984088","376.455","47169148","42041650.5","-36907997.7"
"SPY","1610728320000","January 15, 2021 11:32 am","7.7752001071599","376.425","47405850","41503527.6","-37817627.9"
"SPY","1610728380000","January 15, 2021 11:33 am","8.9952631861618","376.415","47553906","41984597.9","-37706998.9"
"SPY","1610728440000","January 15, 2021 11:34 am","10.374361956024","376.43","47715559","42456637.1","-37506452.3"
"SPY","1610728500000","January 15, 2021 11:35 am","9.5528050898068","376.385","47794976","42324598.3","-37758837.4"
"SPY","1610728560000","January 15, 2021 11:36 am","9.541580045784","376.415","48215375","42515914.6","-37915406"
"SPY","1610728560000","January 15, 2021 11:36 am","9.1209254463066","376.47","48170920","42370417.5","-37976783.8"
"SPY","1610728560000","January 15, 2021 11:36 am","9.120298106038","376.465","48173194","42370441.8","-37976902.9"
"SPY","1610728620000","January 15, 2021 11:37 am","9.8360715887746","376.405","48240021","42609536.4","-37864613.4"
"SPY","1610728680000","January 15, 2021 11:38 am","10.271693751677","376.51","48329930","42803170.8","-37838868.4"
"SPY","1610728740000","January 15, 2021 11:39 am","13.796612211225","376.555","48513119","43879660.2","-37186493.3"
"SPY","1610728800000","January 15, 2021 11:40 am","21.780692095499","376.8","48823320","46390460.4","-35756403.4"
"SPY","1610728800000","January 15, 2021 11:40 am","15.630083716656","376.7","48637275","44491447","-36889400.2"
"SPY","1610728860000","January 15, 2021 11:41 am","19.886592496095","376.82","48939266","46035775.9","-36303423.5"
"SPY","1610728860000","January 15, 2021 11:41 am","20.434619050444","376.875","48832489","46004475.1","-36025742"
"SPY","1610728920000","January 15, 2021 11:42 am","21.792497122451","376.85","48975716","46576678.7","-35903647.2"
"SPY","1610728980000","January 15, 2021 11:43 am","20.790614087821","376.785","49078192","47164654.9","-36960997.4"
"SPY","1610729040000","January 15, 2021 11:44 am","17.792355573837","376.725","48758323","46476940.4","-37801686.2"
"SPY","1610729100000","January 15, 2021 11:45 am","14.295570898608","376.6","48896397","45900729.8","-38910710.7"
"SPY","1610729160000","January 15, 2021 11:46 am","8.5853442892944","376.425","49048853","45178237.1","-40967224.2"
"SPY","1610729160000","January 15, 2021 11:46 am","11.422085228903","376.5","48963296","45739850.5","-40147221.1"
"SPY","1610729160000","January 15, 2021 11:46 am","10.198504950147","376.505","48972280","45369231.4","-40374791"
"SPY","1610729220000","January 15, 2021 11:47 am","6.3330234988362","376.395","49102559","44688031.8","-41578355.2"
"SPY","1610729280000","January 15, 2021 11:48 am","7.1827817141731","376.43","49181063","45021606.4","-41489038"
"SPY","1610729340000","January 15, 2021 11:49 am","10.892688835263","376.625","49258239","46090545.8","-40724999.1"
"SPY","1610729400000","January 15, 2021 11:50 am","-3.0895933538382","376.11","49540293","43019677","-44550270.6"
"SPY","1610729400000","January 15, 2021 11:50 am","4.5888051580252","376.28","49423565","44717747.8","-42449796.7"
"SPY","1610729460000","January 15, 2021 11:51 am","-4.2211917515463","376.08","49634708","42797465.3","-44892641.5"
"SPY","1610729460000","January 15, 2021 11:51 am","-3.1180840747109","376.04","49588990","43052749.4","-44598975.8"
"SPY","1610729520000","January 15, 2021 11:52 am","-5.0368308460822","376.075","49683898","42633570.2","-45136064.1"
"SPY","1610729580000","January 15, 2021 11:53 am","-5.0380877994009","376.085","49738631","42682971.4","-45188847.3"
"SPY","1610729640000","January 15, 2021 11:54 am","-4.5479103312165","376.115","49780401","42919911.3","-45183879.3"
"SPY","1610729700000","January 15, 2021 11:55 am","-4.5151475652415","376.055","49836194","42996729.8","-45246907.5"
"SPY","1610729760000","January 15, 2021 11:56 am","-6.3494362529958","376.065","50017472","42785323.1","-45961150.6"
"SPY","1610729760000","January 15, 2021 11:56 am","-10.209247963443","375.945","49968515","41819522","-46920931.6"
"SPY","1610729760000","January 15, 2021 11:56 am","-10.212132010728","375.965","49969969","41820186.5","-46923185.7"
"SPY","1610729820000","January 15, 2021 11:57 am","-4.9218066999151","376.195","50051411","43201282.5","-45664716.2"
"SPY","1610729880000","January 15, 2021 11:58 am","-2.2271714212122","376.11","50194879","44029109.1","-45147035.1"
"SPY","1610729940000","January 15, 2021 11:59 am","-0.045673517631669","376.24","50268736","44645513.1","-44668472.6"
"SPY","1610730000000","January 15, 2021 12:00 pm","-7.3861700403829","376.015","50357920","43055287.4","-46774809"
"SPY","1610730000000","January 15, 2021 12:00 pm","-1.7787054793855","376.18","50308801","44285553.5","-45180398.9"
"SPY","1610730060000","January 15, 2021 12:01 pm","-10.609200926201","375.975","50459920","42368823.9","-47722218.2"
"SPY","1610730060000","January 15, 2021 12:01 pm","-7.3774977743293","376.025","50366840","43061053","-46776865.5"
"SPY","1610730120000","January 15, 2021 12:02 pm","-10.207484647888","375.965","50495495","42520167.9","-47674487.8"
"SPY","1610730180000","January 15, 2021 12:03 pm","-12.766055799433","375.915","50536786","42122214.5","-48573768.8"
"SPY","1610730240000","January 15, 2021 12:04 pm","-11.08472028845","375.96","50594103","42650294.2","-48258509"
"SPY","1610730300000","January 15, 2021 12:05 pm","0.17211625993376","376.24","50752962","45820467.9","-45733113.8"
"SPY","1610730300000","January 15, 2021 12:05 pm","-5.2921059871313","376.24","50681587","44348339.8","-47030463.1"
"SPY","1610730360000","January 15, 2021 12:06 pm","-7.9591231803001","376.055","50800136","43843740.9","-47886986.3"
"SPY","1610730360000","January 15, 2021 12:06 pm","-3.8068589660686","376.095","50768818","44839381.4","-46772078.7"
"SPY","1610730420000","January 15, 2021 12:07 pm","-9.970586520256","376.065","50847775","43458161.5","-48527982.9"
"SPY","1610730480000","January 15, 2021 12:08 pm","-7.2050647455386","376.12","50883583","44166946.1","-47833141.2"
"SPY","1610730540000","January 15, 2021 12:09 pm","-8.8936634774962","375.945","50949823","43821325.3","-48352631.1"
"SPY","1610730600000","January 15, 2021 12:10 pm","-17.237705089766","375.89","51118043","42156821","-50968398.5"
"SPY","1610730600000","January 15, 2021 12:10 pm","-12.122243491778","375.935","51042701","43192106","-49379626.5"
"SPY","1610730660000","January 15, 2021 12:11 pm","-15.100431390038","375.915","51166921","42734243.8","-50460669.6"
"SPY","1610730660000","January 15, 2021 12:11 pm","-14.109056097062","375.905","51121305","42917437.3","-50130170.9"
"SPY","1610730720000","January 15, 2021 12:12 pm","-17.392857907643","375.78","51181472","42194806.1","-51096726.8"
"SPY","1610730780000","January 15, 2021 12:13 pm","-16.816753695302","375.79","51270098","42247799.9","-50869766"
"SPY","1610730840000","January 15, 2021 12:14 pm","-16.964377626134","375.88","51339953","42558948.6","-51268452.1"
"SPY","1610730900000","January 15, 2021 12:15 pm","-10.115204732677","376.08","51465160","44410641","-49616447.3"
"SPY","1610730900000","January 15, 2021 12:15 pm","-12.934081943222","375.975","51419750","43656946.2","-50307618.8"
"SPY","1610730960000","January 15, 2021 12:16 pm","-1.5868745375997","376.32","51534093","46634066.2","-47451847.6"
"SPY","1610730960000","January 15, 2021 12:16 pm","-10.134629870715","376.145","51477729","44421314.8","-49638392.1"
"SPY","1610731020000","January 15, 2021 12:17 pm","-0.42090179240027","376.38","51566946","47010022.7","-47227068.9"
"SPY","1610731080000","January 15, 2021 12:18 pm","0.10393549827941","376.445","51640297","47253129.4","-47199456.8"
"SPY","1610731140000","January 15, 2021 12:19 pm","-0.016807575117931","376.34","51755235","47393817.7","-47402516.5"
"SPY","1610731200000","January 15, 2021 12:20 pm","-5.5615386654862","376.09","51898688","46232757","-49119122.6"
"SPY","1610731200000","January 15, 2021 12:20 pm","2.4879432491624","376.385","51816821","48138387.2","-46849214.1"
"SPY","1610731260000","January 15, 2021 12:21 pm","-8.8431887077745","376.1","51973317","45468892.1","-50064990.6"
"SPY","1610731260000","January 15, 2021 12:21 pm","-5.5949768146718","376.065","51908258","46235206.9","-49139461.9"
"SPY","1610731320000","January 15, 2021 12:22 pm","-9.0870559610863","376.12","52003297","45418668","-50144236.7"
"SPY","1610731380000","January 15, 2021 12:23 pm","-7.2157015633102","376.105","52043735","45944304.5","-49699625.1"
"SPY","1610731440000","January 15, 2021 12:24 pm","-8.0378622021546","376.12","52078376","45799325.5","-49985313.6"
"SPY","1610731500000","January 15, 2021 12:25 pm","-5.8081822093659","376.22","52112184","46435806.8","-49462577.4"
"SPY","1610731560000","January 15, 2021 12:26 pm","-5.7278824756597","376.255","52220944","46592819.1","-49583973.4"
"SPY","1610731560000","January 15, 2021 12:26 pm","-8.3283680302751","376.13","52177077","45900485.7","-50245984.7"
"SPY","1610731560000","January 15, 2021 12:26 pm","-8.055739449631","376.09","52170734","45962474.4","-50165212.8"
"SPY","1610731620000","January 15, 2021 12:27 pm","-5.716519466572","376.255","52221547","46603517.1","-49588772"
"SPY","1610731680000","January 15, 2021 12:28 pm","-4.5975142665745","376.205","52252908","46922583.7","-49324918.6"
"SPY","1610731740000","January 15, 2021 12:29 pm","-0.20367957031098","376.335","52318011","48097172.6","-48203733.7"
"SPY","1610731800000","January 15, 2021 12:30 pm","-4.9077293488942","376.13","52371203","46916497.4","-49486734.3"
"SPY","1610731860000","January 15, 2021 12:31 pm","-5.2225634917249","376.23","52433959","46878357.4","-49616754.2"
"SPY","1610731860000","January 15, 2021 12:31 pm","-5.8814836875259","376.19","52428344","46752076","-49835640.5"
"SPY","1610731920000","January 15, 2021 12:32 pm","-1.9955034267748","376.395","52479519","47741641.7","-48788872.3"
"SPY","1610731920000","January 15, 2021 12:32 pm","-1.9829410914314","376.38","52474166","47739324.4","-48779856.2"
"SPY","1610731980000","January 15, 2021 12:33 pm","-1.8305636074699","376.365","52598948","47947341.4","-48910198.6"
"SPY","1610732040000","January 15, 2021 12:34 pm","-1.0030459721341","376.295","52705341","48195634.8","-48724293.6"
"SPY","1610732100000","January 15, 2021 12:35 pm","-1.9648502871185","376.35","52724755","47996923","-49032885.5"
"SPY","1610732160000","January 15, 2021 12:36 pm","-1.8678803333259","376.35","52804175","48099131.3","-49085450.1"
"SPY","1610732160000","January 15, 2021 12:36 pm","-0.41839291982787","376.4","52766739","48446188","-48666960.3"
"SPY","1610732160000","January 15, 2021 12:36 pm","-0.43290203535286","376.39","52760043","48434465.5","-48662864.8"
"SPY","1610732220000","January 15, 2021 12:37 pm","-1.8678479784636","376.36","52804913","48099157","-49085472.5"
"SPY","1610732280000","January 15, 2021 12:38 pm","0.20976206075093","376.355","52825711","48663510.4","-48552702.1"
"SPY","1610732340000","January 15, 2021 12:39 pm","-0.30100174470993","376.34","52871255","48589599.3","-48748742.7"
"SPY","1610732400000","January 15, 2021 12:40 pm","-0.10978102956902","376.34","52904860","48679331.8","-48737411.3"
"SPY","1610732460000","January 15, 2021 12:41 pm","8.9015618428524","376.72","53108288","51479618.9","-46752151.8"
"SPY","1610732460000","January 15, 2021 12:41 pm","4.3097551949728","376.545","53023666","50083112.4","-47797922.2"
"SPY","1610732460000","January 15, 2021 12:41 pm","4.3126635292243","376.525","53019193","50073614.8","-47787075.4"
"SPY","1610732520000","January 15, 2021 12:42 pm","10.321706086758","376.705","53115470","51822784.8","-46340362.1"
"SPY","1610732580000","January 15, 2021 12:43 pm","10.388684280399","376.665","53243419","52069307.7","-46538017"
"SPY","1610732640000","January 15, 2021 12:44 pm","9.1157517456739","376.67","53305641","51816672.6","-46957462.7"
"SPY","1610732700000","January 15, 2021 12:45 pm","5.308980795934","376.605","53372864","50898669.3","-48065114.2"
"SPY","1610732760000","January 15, 2021 12:46 pm","3.4095815975664","376.5","53475884","50598520.9","-48775217"
"SPY","1610732760000","January 15, 2021 12:46 pm","1.7226929005482","376.495","53453114","50126368","-49205535"
"SPY","1610732820000","January 15, 2021 12:47 pm","4.1537887266348","376.525","53520594","50848572.9","-48625440.5"
"SPY","1610732820000","January 15, 2021 12:47 pm","3.4990186460979","376.5","53497520","50661834.9","-48789946.7"
"SPY","1610732880000","January 15, 2021 12:48 pm","4.3529842231261","376.55","53553385","50967423.3","-48636252.9"
"SPY","1610732940000","January 15, 2021 12:49 pm","4.360376388336","376.565","53576368","50986738.9","-48650607.6"
"SPY","1610733000000","January 15, 2021 12:50 pm","3.2392377754567","376.465","53617586","50779918.8","-49043117.7"
"SPY","1610733060000","January 15, 2021 12:51 pm","-1.7171188734667","376.36","53892489","49836934.6","-50762332.7"
"SPY","1610733060000","January 15, 2021 12:51 pm","-4.4225451582743","376.355","53820425","49034060","-51414292.6"
"SPY","1610733060000","January 15, 2021 12:51 pm","-4.4218540759256","376.36","53820331","49034060","-51413916.5"
"SPY","1610733120000","January 15, 2021 12:52 pm","-2.4772633237309","376.355","53908605","49662939.1","-50998397.2"
"SPY","1610733180000","January 15, 2021 12:53 pm","2.7320191082558","376.54","53944641","51119335.5","-49645557.6"
"SPY","1610733240000","January 15, 2021 12:54 pm","5.786274310638","376.675","54009586","52007250.1","-48882107.3"
"SPY","1610733300000","January 15, 2021 12:55 pm","8.7013670476098","376.71","54113258","52958362.9","-48249769.7"
"SPY","1610733360000","January 15, 2021 12:56 pm","8.5269268003201","376.645","54155469","52982148.1","-48364350.9"
"SPY","1610733360000","January 15, 2021 12:56 pm","8.8059194113944","376.68","54147208","53060309.2","-48292149.7"
"SPY","1610733420000","January 15, 2021 12:57 pm","3.8118697023439","376.54","54186700","51801045.3","-49735518.9"
"SPY","1610733420000","January 15, 2021 12:57 pm","3.8118556330036","376.545","54186900","51801045.3","-49735518.9"
"SPY","1610733480000","January 15, 2021 12:58 pm","4.4478311572839","376.555","54210547","52016501.1","-49605307.5"
"SPY","1610733540000","January 15, 2021 12:59 pm","4.1493808770339","376.59","54248028","51970963.5","-49720006.2"
"SPY","1610733600000","January 15, 2021 1:00 pm","7.0682993966011","376.625","54270743","52796626.4","-48960607.8"
"SPY","1610733660000","January 15, 2021 1:01 pm","-3.4088064954103","376.34","54448538","50300624.3","-52156669.6"
"SPY","1610733660000","January 15, 2021 1:01 pm","3.2547312953293","376.45","54339770","51858054.3","-50089440.8"
"SPY","1610733660000","January 15, 2021 1:01 pm","3.2604572630488","376.515","54336995","51840500.2","-50068865.7"
"SPY","1610733720000","January 15, 2021 1:02 pm","-4.3355692878159","376.35","54464287","50093274.7","-52454611.6"
"SPY","1610733780000","January 15, 2021 1:03 pm","-2.0059215197838","376.425","54533973","50819880.5","-51913789.2"
"SPY","1610733840000","January 15, 2021 1:04 pm","-7.2955493301343","376.255","54594074","49555053.2","-53537990.8"
"SPY","1610733900000","January 15, 2021 1:05 pm","-9.2430668067826","376.185","54634782","49252989.6","-54302919"
"SPY","1610733960000","January 15, 2021 1:06 pm","-6.36310088718","376.31","54693857","50097753.9","-53577979.2"
"SPY","1610733960000","January 15, 2021 1:06 pm","-5.707405042472","376.325","54665966","50250286.9","-53370295"
"SPY","1610733960000","January 15, 2021 1:06 pm","-5.7267438382591","376.325","54664502","50236636.5","-53367132.5"
"SPY","1610734020000","January 15, 2021 1:07 pm","-6.5066296705595","376.37","54707017","50077622.8","-53637205.8"
"SPY","1610734080000","January 15, 2021 1:08 pm","-2.5047888262578","376.435","54739405","51151245.8","-52522352.3"
"SPY","1610734140000","January 15, 2021 1:09 pm","-0.36154107834934","376.545","54811282","51992083.5","-52190248.8"
"SPY","1610734200000","January 15, 2021 1:10 pm","-0.13682259698994","376.52","54847446","52114183.8","-52189227.5"
"SPY","1610734260000","January 15, 2021 1:11 pm","-2.5979375819115","376.48","54917478","51659615.9","-53086337.7"
"SPY","1610734260000","January 15, 2021 1:11 pm","-0.47848284556544","376.51","54886858","52159503.8","-52422128"
"SPY","1610734260000","January 15, 2021 1:11 pm","-0.32625132451493","376.5","54886122","52159037.2","-52338103.9"
"SPY","1610734320000","January 15, 2021 1:12 pm","-2.6197560419994","376.45","54933554","51644404.7","-53083529.8"
"SPY","1610734380000","January 15, 2021 1:13 pm","-5.5562835435674","376.41","54974959","50921167.7","-53975732.3"
"SPY","1610734440000","January 15, 2021 1:14 pm","-6.2106939295263","376.36","55026265","50864099.9","-54281612.8"
"SPY","1610734500000","January 15, 2021 1:15 pm","-0.74212752374736","376.545","55088861","52399687.2","-52808516.8"
"SPY","1610734560000","January 15, 2021 1:16 pm","9.9559029868239","376.86","55342297","55590534.2","-50080708.8"
"SPY","1610734560000","January 15, 2021 1:16 pm","4.7935574620427","376.76","55164285","54034527.8","-51390196.1"
"SPY","1610734560000","January 15, 2021 1:16 pm","4.7978934795198","376.77","55171550","54038594.3","-51391522.1"
"SPY","1610734620000","January 15, 2021 1:17 pm","9.8720446797383","376.875","55350727","55610091","-50145842.5"
"SPY","1610734680000","January 15, 2021 1:18 pm","21.056986511451","377.18","55668033","59265016.9","-47543006.7"
"SPY","1610734740000","January 15, 2021 1:19 pm","20.291120578726","377.08","55721413","59219117.1","-47912618"
"SPY","1610734800000","January 15, 2021 1:20 pm","19.761918412711","377.09","55796461","59183021","-48156569.9"
"SPY","1610734860000","January 15, 2021 1:21 pm","24.128964630926","377.185","55867054","60518699","-47038557.3"
"SPY","1610734860000","January 15, 2021 1:21 pm","23.169226056899","377.145","55859985","60256368.8","-47314042.6"
"SPY","1610734920000","January 15, 2021 1:22 pm","24.916851936877","377.15","55987594","61061064.1","-47110718.2"
"SPY","1610734920000","January 15, 2021 1:22 pm","25.785709139171","377.2","55973773","61306171","-46872936.7"
"SPY","1610734980000","January 15, 2021 1:23 pm","24.460433632847","377.225","56043356","61020692.9","-47312245"
"SPY","1610735040000","January 15, 2021 1:24 pm","23.135220921636","377.155","56104713","60835761.8","-47855812.5"
"SPY","1610735100000","January 15, 2021 1:25 pm","22.693413686714","377.17","56143002","60946632.4","-48205868.7"
"SPY","1610735160000","January 15, 2021 1:26 pm","19.29156441299","377.11","56218435","60131014.8","-49285599.2"
"SPY","1610735160000","January 15, 2021 1:26 pm","20.068740987585","377.075","56197476","60313447.3","-49035321.4"
"SPY","1610735220000","January 15, 2021 1:27 pm","17.891382194855","377.025","56288764","59917093.9","-49846256"
"SPY","1610735220000","January 15, 2021 1:27 pm","18.807973695092","377.035","56261745","60114808.8","-49533114.6"
"SPY","1610735280000","January 15, 2021 1:28 pm","15.465537674722","376.94","56617233","59335146.7","-50578987.2"
"SPY","1610735340000","January 15, 2021 1:29 pm","14.019550076283","377","56669651","59052567.8","-51107737.7"
"SPY","1610735400000","January 15, 2021 1:30 pm","14.387930304398","376.955","56712847","59272745.4","-51112940.5"
"SPY","1610735460000","January 15, 2021 1:31 pm","15.264955907294","376.92","56759161","59616555.9","-50952295"
"SPY","1610735460000","January 15, 2021 1:31 pm","14.633211379994","376.98","56746567","59408194","-51104348.9"
"SPY","1610735520000","January 15, 2021 1:32 pm","15.056832058335","376.985","56787403","59713131","-51162747.1"
"SPY","1610735520000","January 15, 2021 1:32 pm","16.143636232086","376.965","56777652","59953928.1","-50787950.5"
"SPY","1610735580000","January 15, 2021 1:33 pm","14.878306520553","376.94","56821286","59738692","-51284646.9"
"SPY","1610735640000","January 15, 2021 1:34 pm","10.086986431298","376.805","56901978","58552363.9","-52812669.1"
"SPY","1610735700000","January 15, 2021 1:35 pm","10.29102870534","376.815","56954210","58756196.8","-52895022.7"
"SPY","1610735760000","January 15, 2021 1:36 pm","7.3745823521802","376.84","57014544","58190296.6","-53985712.1"
"SPY","1610735760000","January 15, 2021 1:36 pm","9.3973092267131","376.815","56998782","56236774.7","-50880422.9"
"SPY","1610735820000","January 15, 2021 1:37 pm","7.0149916715078","376.795","57048742","58195942.4","-54193977.9"
"SPY","1610735820000","January 15, 2021 1:37 pm","8.3822031875614","376.845","57030932","58547611.6","-53767163"
"SPY","1610735880000","January 15, 2021 1:38 pm","6.1215303992901","376.785","57069211","58025563.9","-54532054.8"
"SPY","1610735940000","January 15, 2021 1:39 pm","9.4083935786307","376.885","57105702","59044398.2","-53671669"
"SPY","1610736000000","January 15, 2021 1:40 pm","14.938246222508","377.045","57738978","60789784.4","-52164593.7"
"SPY","1610736060000","January 15, 2021 1:41 pm","14.322076116341","377","57847394","60746530.3","-52461582.5"
"SPY","1610736060000","January 15, 2021 1:41 pm","12.465138353989","376.855","57807368","60197988.5","-52992220.1"
"SPY","1610736120000","January 15, 2021 1:42 pm","13.336211248245","376.97","57906507","60514999.4","-52792465.3"
"SPY","1610736120000","January 15, 2021 1:42 pm","13.500490768724","376.965","57880624","60548402.9","-52734234.6"
"SPY","1610736180000","January 15, 2021 1:43 pm","14.201820129043","377.02","57927651","60799721.9","-52572941.1"
"SPY","1610736240000","January 15, 2021 1:44 pm","15.263449152199","376.995","58239303","61172915.2","-52283588.8"
"SPY","1610736300000","January 15, 2021 1:45 pm","13.742081998712","377.025","58275281","60757599.7","-52749362.8"
"SPY","1610736360000","January 15, 2021 1:46 pm","14.159259811119","376.995","58354835","60988023.6","-52725410.9"
"SPY","1610736360000","January 15, 2021 1:46 pm","11.02444214039","376.965","58328116","60006953.6","-53576604.2"
"SPY","1610736420000","January 15, 2021 1:47 pm","15.204387989674","377.065","58397585","61331938.9","-52452943.5"
"SPY","1610736420000","January 15, 2021 1:47 pm","16.74869174931","377.05","58379866","61800852","-52022988.2"
"SPY","1610736480000","January 15, 2021 1:48 pm","15.275794834921","377.055","58411500","61385560.2","-52462739.3"
"SPY","1610736540000","January 15, 2021 1:49 pm","13.249051489328","376.975","58468504","60940662.4","-53194140.2"
"SPY","1610736600000","January 15, 2021 1:50 pm","6.9086061886985","376.685","58567598","59273282.6","-55227077.9"
"SPY","1610736660000","January 15, 2021 1:51 pm","8.7077142618595","376.885","58688700","59915324.1","-54804879.8"
"SPY","1610736660000","January 15, 2021 1:51 pm","7.6233441530744","376.85","58668995","59575041.4","-55102502"
"SPY","1610736720000","January 15, 2021 1:52 pm","12.175219796632","376.975","58745668","60939871.5","-53787457.3"
"SPY","1610736720000","January 15, 2021 1:52 pm","9.279651597112","376.97","58720294","60096452.2","-54647413.5"
"SPY","1610736780000","January 15, 2021 1:53 pm","9.6209536374819","376.945","58787769","60326470.4","-54670526.4"
"SPY","1610736840000","January 15, 2021 1:54 pm","5.6574106773474","376.755","58920552","59295837.5","-55962459.9"
"SPY","1610736900000","January 15, 2021 1:55 pm","3.5420578954234","376.68","58970188","58777696.2","-56688938"
"SPY","1610736960000","January 15, 2021 1:56 pm","-0.72764736519395","376.675","59140254","57856663.9","-58286996.4"
"SPY","1610736960000","January 15, 2021 1:56 pm","-3.1939949950506","376.625","59087112","57032890.2","-58920129.6"
"SPY","1610737020000","January 15, 2021 1:57 pm","1.4396489460657","376.73","59210275","58589613.5","-57737193.4"
"SPY","1610737020000","January 15, 2021 1:57 pm","0.28103141653585","376.735","59176480","58155212.4","-57988907.9"
"SPY","1610737080000","January 15, 2021 1:58 pm","2.3223511156712","376.75","59214543","58859883.1","-57484713.5"
"SPY","1610737140000","January 15, 2021 1:59 pm","0.68230827121334","376.715","59247076","58468889.1","-58064641.4"
"SPY","1610737200000","January 15, 2021 2:00 pm","1.970260352764","376.765","59323434","58848597.2","-57679771.1"
"SPY","1610737260000","January 15, 2021 2:01 pm","6.1230067549017","376.905","59483026","60254574.9","-56612425.2"
"SPY","1610737260000","January 15, 2021 2:01 pm","4.1498215233122","376.785","59457345","59697910.9","-57230537.2"
"SPY","1610737320000","January 15, 2021 2:02 pm","4.0942770210787","376.885","59558161","59784713.4","-57346237.3"
"SPY","1610737320000","January 15, 2021 2:02 pm","4.1095581465371","376.865","59552979","59783584.9","-57336220.6"
"SPY","1610737380000","January 15, 2021 2:03 pm","7.7449306657798","376.93","59611329","60823231.7","-56206375.6"
"SPY","1610737440000","January 15, 2021 2:04 pm","11.381311900316","376.995","59666698","61949991.7","-55159138.7"
"SPY","1610737500000","January 15, 2021 2:05 pm","12.497621341467","377.02","59734299","62406939.4","-54941572.9"
"SPY","1610737560000","January 15, 2021 2:06 pm","8.0214605295424","376.845","59805514","61204452","-56407176.3"
"SPY","1610737560000","January 15, 2021 2:06 pm","8.0766448278754","376.895","59788718","61189279.3","-56360356.9"
"SPY","1610737620000","January 15, 2021 2:07 pm","3.7279037514795","376.795","59881149","60042119","-57809807.4"
"SPY","1610737620000","January 15, 2021 2:07 pm","3.7299496362027","376.79","59878527","60037498.8","-57804059.9"
"SPY","1610737680000","January 15, 2021 2:08 pm","4.0824336371108","376.795","59943103","60264240.2","-57817102.8"
"SPY","1610737740000","January 15, 2021 2:09 pm","4.784786026114","376.735","60221531","60493950.9","-57612479.5"
"SPY","1610737800000","January 15, 2021 2:10 pm","-4.7775327594502","376.575","60325646","57934032.1","-60816109.6"
"SPY","1610737860000","January 15, 2021 2:11 pm","-9.661062794958","376.45","60456892","56781481.1","-62622259.4"
"SPY","1610737860000","January 15, 2021 2:11 pm","-6.5760272998803","376.515","60432792","57621624.2","-61595701.1"
"SPY","1610737920000","January 15, 2021 2:12 pm","-8.2292251090938","376.535","60545697","57308027.3","-62290469"
"SPY","1610737920000","January 15, 2021 2:12 pm","-6.4358188522461","376.53","60543682","57808649.6","-61705131.3"
"SPY","1610737980000","January 15, 2021 2:13 pm","-10.351974621899","376.445","60629911","56836716","-63113109"
"SPY","1610738040000","January 15, 2021 2:14 pm","-11.540763287132","376.585","60730750","56719696","-63728488.1"
"SPY","1610738100000","January 15, 2021 2:15 pm","-4.4856892051088","376.555","60962302","57291067.5","-60025646.9"
"SPY","1610738160000","January 15, 2021 2:16 pm","-4.0191586611513","376.715","61199266","59039452.1","-61499147.7"
"SPY","1610738160000","January 15, 2021 2:16 pm","-1.2880822966322","376.63","61178591","59816655","-60604685.6"
"SPY","1610738220000","January 15, 2021 2:17 pm","-6.4244742623107","376.59","61242328","58463763.9","-62398261.5"
"SPY","1610738220000","January 15, 2021 2:17 pm","-4.2046373909954","376.6","61236717","59054941.2","-61629723.1"
"SPY","1610738280000","January 15, 2021 2:18 pm","-4.6019013445972","376.625","61280212","59018979.7","-61839034.6"
"SPY","1610738340000","January 15, 2021 2:19 pm","-6.728179019761","376.565","61311533","58437623.7","-62562773.4"
"SPY","1610738400000","January 15, 2021 2:20 pm","-8.5063607006372","376.45","61365331","58079256.8","-63299213.2"
"SPY","1610738460000","January 15, 2021 2:21 pm","-8.9006952419626","376.52","61459754","58084606.8","-63554952.2"
"SPY","1610738460000","January 15, 2021 2:21 pm","-6.9099699823729","376.565","61409918","58588622.8","-62832029.7"
"SPY","1610738520000","January 15, 2021 2:22 pm","-9.1515628448299","376.525","61465955","58036227","-63661322.5"
"SPY","1610738580000","January 15, 2021 2:23 pm","-10.837227776122","376.445","61555447","57559012.2","-64229916.2"
"SPY","1610738580000","January 15, 2021 2:23 pm","-10.841682503646","376.46","61553721","57554615.6","-64228074.6"
"SPY","1610738640000","January 15, 2021 2:24 pm","-9.5482432946336","376.515","61642494","58009451.1","-63895226.4"
"SPY","1610738700000","January 15, 2021 2:25 pm","-6.0438388281636","376.51","61695171","56753791.6","-60482548.3"
"SPY","1610738760000","January 15, 2021 2:26 pm","-13.727328252271","376.415","61780526","57016324.1","-65497139.7"
"SPY","1610738760000","January 15, 2021 2:26 pm","-12.647595515441","376.415","61746456","57259784.4","-65069226.4"
"SPY","1610738820000","January 15, 2021 2:27 pm","-15.617922102533","376.315","61834129","56550156.1","-66207362.2"
"SPY","1610738880000","January 15, 2021 2:28 pm","-10.751054354178","376.575","62222687","58033914.3","-64723509.2"
"SPY","1610738880000","January 15, 2021 2:28 pm","-10.751818213187","376.565","62220839","58025575.6","-64715447.1"
"SPY","1610738940000","January 15, 2021 2:29 pm","-9.0379079583191","376.575","62386214","58671040.6","-64309449.2"
"SPY","1610739000000","January 15, 2021 2:30 pm","-7.9760276794607","376.58","62485899","59065427.4","-64049320"
"SPY","1610739060000","January 15, 2021 2:31 pm","1.179776710292","376.735","62610051","61825019","-61086360.2"
"SPY","1610739120000","January 15, 2021 2:32 pm","-0.60498863159517","376.735","62703608","61570356.3","-61949706"
"SPY","1610739120000","January 15, 2021 2:32 pm","-0.61388749206936","376.735","62692025","61554490","-61939348.5"
"SPY","1610739180000","January 15, 2021 2:33 pm","-0.23158179897953","376.715","62775227","61762817.4","-61908193.4"
"SPY","1610739180000","January 15, 2021 2:33 pm","0.65726707320097","376.765","62751721","61979161.7","-61566715.3"
"SPY","1610739240000","January 15, 2021 2:34 pm","-1.1122839530159","376.71","62823661","61580666","-62279443.5"
"SPY","1610739300000","January 15, 2021 2:35 pm","0.6422829584039","376.765","62877256","62164035","-61760185.1"
"SPY","1610739360000","January 15, 2021 2:36 pm","6.1723382777423","376.885","63014811","64073181.4","-60183694.1"
"SPY","1610739420000","January 15, 2021 2:37 pm","-0.84769698800984","376.755","63238316","62142045.4","-62678114.7"
"SPY","1610739420000","January 15, 2021 2:37 pm","5.0243923787353","376.855","63202528","63814779.6","-60639236.6"
"SPY","1610739480000","January 15, 2021 2:38 pm","6.4942725182367","376.905","63305745","64394954.4","-60283706.8"
"SPY","1610739480000","January 15, 2021 2:38 pm","5.0907269904464","376.835","63276760","63965645","-60744397.9"
"SPY","1610739540000","January 15, 2021 2:39 pm","9.0886233391943","376.905","63327088","65217876.6","-59462316.1"
"SPY","1610739600000","January 15, 2021 2:40 pm","6.4239601759719","376.855","63382840","64437730.8","-60366042.4"
"SPY","1610739660000","January 15, 2021 2:41 pm","2.3179759148036","376.755","63426263","63268680.1","-61798474.6"
"SPY","1610739720000","January 15, 2021 2:42 pm","3.129906431203","376.855","63483770","63563650.2","-61576667.6"
"SPY","1610739720000","January 15, 2021 2:42 pm","1.2931677238664","376.795","63457886","63039011.8","-62218394.9"
"SPY","1610739780000","January 15, 2021 2:43 pm","5.9930754544515","376.915","63537166","64489305.6","-60681475.3"
"SPY","1610739780000","January 15, 2021 2:43 pm","4.7067493199968","376.845","63489759","64039914.3","-61051610.5"
"SPY","1610739840000","January 15, 2021 2:44 pm","8.2761367426591","376.905","63572612","65202484.9","-59941128.6"
"SPY","1610739900000","January 15, 2021 2:45 pm","8.811019875673","376.95","63616362","65388980.3","-59783730"
"SPY","1610739960000","January 15, 2021 2:46 pm","10.067362005305","376.945","63777941","66126736.3","-59705980.1"
"SPY","1610739960000","January 15, 2021 2:46 pm","2.130384351841","376.985","63704209","60561367.2","-59204222.7"
"SPY","1610740020000","January 15, 2021 2:47 pm","14.64864031795","377.025","63860187","67651124.8","-58296475.7"
"SPY","1610740020000","January 15, 2021 2:47 pm","11.183920641162","376.995","63813838","66491749.6","-59354860.6"
"SPY","1610740080000","January 15, 2021 2:48 pm","13.892231372891","376.99","63873654","67453058","-58579582.2"
"SPY","1610740140000","January 15, 2021 2:49 pm","15.236925797449","377.06","63928813","67990318","-58249532.2"
"SPY","1610740200000","January 15, 2021 2:50 pm","14.564806674604","377.01","64002119","67906775.7","-58584990.8"
"SPY","1610740260000","January 15, 2021 2:51 pm","4.3410756163258","376.835","64143225","64954535.3","-62170029.4"
"SPY","1610740260000","January 15, 2021 2:51 pm","9.2371398436977","376.925","64093700","66392890.6","-60472465.9"
"SPY","1610740320000","January 15, 2021 2:52 pm","1.8656129484338","376.755","64223241","64575288.3","-63377131.2"
"SPY","1610740320000","January 15, 2021 2:52 pm","-3.9607199468214","376.835","64182296","58447684.5","-60989765.5"
"SPY","1610740380000","January 15, 2021 2:53 pm","-1.3373654182559","376.67","64276920","63764211.5","-64623828.8"
"SPY","1610740440000","January 15, 2021 2:54 pm","-1.1151852386165","376.705","64347247","63969819.5","-64687410.5"
"SPY","1610740500000","January 15, 2021 2:55 pm","0.077163889967328","376.72","64406810","64399830.2","-64350131.4"
"SPY","1610740560000","January 15, 2021 2:56 pm","-2.3178310445146","376.635","64583603","64140816.1","-65637754.9"
"SPY","1610740560000","January 15, 2021 2:56 pm","-12.049075896097","376.51","64524833","61015108.3","-68789754.4"
"SPY","1610740620000","January 15, 2021 2:57 pm","-5.736740692546","376.555","64602092","63105596","-66811650.5"
"SPY","1610740680000","January 15, 2021 2:58 pm","-7.1167628526741","376.585","64876207","62769226.5","-67386312.3"
"SPY","1610740680000","January 15, 2021 2:58 pm","-7.1150461723144","376.58","64872858","62767526.1","-67383259.9"
"SPY","1610740740000","January 15, 2021 2:59 pm","-11.642307019531","376.495","64914665","61560989.7","-69118554.3"
"SPY","1610740800000","January 15, 2021 3:00 pm","-9.5555236017078","376.535","65003474","62429795.5","-68641217.8"
"SPY","1610740860000","January 15, 2021 3:01 pm","-3.0631366417975","376.57","65099107","62366535","-64360609.6"
"SPY","1610740860000","January 15, 2021 3:01 pm","-14.643244872048","376.42","65068427","61072475.3","-70600604.4"
"SPY","1610740920000","January 15, 2021 3:02 pm","-7.0256590350009","376.565","65165545","63395818.5","-67974127.5"
"SPY","1610740920000","January 15, 2021 3:02 pm","-8.6867615053015","376.56","65147641","62890257.2","-68549477.4"
"SPY","1610740980000","January 15, 2021 3:03 pm","-9.9545734241931","376.675","65197298","62608851.3","-69098964.2"
"SPY","1610741040000","January 15, 2021 3:04 pm","-8.2827756338773","376.49","65246343","63298200.2","-68702408.4"
"SPY","1610741100000","January 15, 2021 3:05 pm","-12.590816764285","376.495","65300774","62070095.4","-70291996.2"
"SPY","1610741160000","January 15, 2021 3:06 pm","-23.924269073793","376.235","65506818","58931235.9","-74603263.3"
"SPY","1610741220000","January 15, 2021 3:07 pm","-24.83642143073","376.235","65603123","58975837","-75269305.1"
"SPY","1610741220000","January 15, 2021 3:07 pm","-21.609486499932","376.255","65599115","59899789","-74075420.9"
"SPY","1610741280000","January 15, 2021 3:08 pm","-30.738827335587","376.115","65756920","57760128.1","-77973034.2"
"SPY","1610741280000","January 15, 2021 3:08 pm","-38.751874476923","376.13","65744341","52198306.4","-77675470.9"
"SPY","1610741340000","January 15, 2021 3:09 pm","-36.947647984167","376.04","65845220","56618212.4","-80946472.5"
"SPY","1610741400000","January 15, 2021 3:10 pm","-32.753762634386","376.17","65951465","58012460.1","-79614046.4"
"SPY","1610741460000","January 15, 2021 3:11 pm","-6.1189987132213","376.685","66235170","66354101.5","-70407030.7"
"SPY","1610741460000","January 15, 2021 3:11 pm","-14.331423987941","376.485","66093158","63641194","-73113284.7"
"SPY","1610741520000","January 15, 2021 3:12 pm","-6.5955892066865","376.615","66270845","66293909.1","-70664861.8"
"SPY","1610741580000","January 15, 2021 3:13 pm","-7.3198737007469","376.685","66440298","66273538.2","-71136884.1"
"SPY","1610741640000","January 15, 2021 3:14 pm","2.9916959136222","376.905","66702100","69671280.9","-67675756.9"
"SPY","1610741700000","January 15, 2021 3:15 pm","-8.3735960633471","376.985","66924672","61296477.6","-66900479.3"
"SPY","1610741760000","January 15, 2021 3:16 pm","8.9090029036151","376.95","67152846","72088866.1","-66106217.1"
"SPY","1610741820000","January 15, 2021 3:17 pm","6.8508093268495","376.925","67255337","71549544.6","-66942009.7"
"SPY","1610741820000","January 15, 2021 3:17 pm","6.8279941091637","376.94","67252249","71526986.1","-66935006.5"
"SPY","1610741880000","January 15, 2021 3:18 pm","4.7997797668709","376.945","67326837","70869649.6","-67638109.7"
"SPY","1610741880000","January 15, 2021 3:18 pm","4.7371685338028","376.945","67326737","70827472.7","-67638091.7"
"SPY","1610741940000","January 15, 2021 3:19 pm","4.3071912122888","376.89","67449462","70775654.4","-67870477.1"
"SPY","1610742000000","January 15, 2021 3:20 pm","0.18548628133301","376.775","67577774","69519007.3","-69393659.8"
"SPY","1610742060000","January 15, 2021 3:21 pm","-6.2756759178286","376.795","68105209","67700319.9","-71974382.1"
"SPY","1610742060000","January 15, 2021 3:21 pm","-7.3319073267152","376.665","68045500","67351182.4","-72340215.4"
"SPY","1610742120000","January 15, 2021 3:22 pm","-6.9930916844997","376.595","68232842","67720521.5","-72492106.7"
"SPY","1610742120000","January 15, 2021 3:22 pm","-5.4096276179254","376.705","68154865","68075451.6","-71762376"
"SPY","1610742180000","January 15, 2021 3:23 pm","-8.8964384454578","376.615","68286277","67454591","-73529637.6"
"SPY","1610742240000","January 15, 2021 3:24 pm","-9.0500972037125","376.595","68406852","67705025.8","-73895912.4"
"SPY","1610742300000","January 15, 2021 3:25 pm","-4.1572542928039","376.715","68499103","69262901.1","-72110583"
"SPY","1610742360000","January 15, 2021 3:26 pm","-8.5773001115139","376.605","68613782","68015295.7","-73900505.7"
"SPY","1610742360000","January 15, 2021 3:26 pm","-6.5781587613307","376.67","68587621","68651909.1","-73163711.7"
"SPY","1610742420000","January 15, 2021 3:27 pm","-10.625141221957","376.565","68734885","67515845.1","-74819023.7"
"SPY","1610742420000","January 15, 2021 3:27 pm","-10.960537457351","376.585","68645298","67312116.1","-74836009.7"
"SPY","1610742480000","January 15, 2021 3:28 pm","-11.450962966527","376.555","68758309","67287735.3","-75161223.8"
"SPY","1610742540000","January 15, 2021 3:29 pm","-8.0967833818454","376.64","68842831","68357369.5","-73931424.4"
"SPY","1610742600000","January 15, 2021 3:30 pm","-14.406610421011","376.52","68938302","66523707.9","-76455380.5"
"SPY","1610742660000","January 15, 2021 3:31 pm","-23.631755883323","376.285","69100531","63794024.9","-80123693.7"
"SPY","1610742720000","January 15, 2021 3:32 pm","-31.772559618094","376.115","69342497","61693058.6","-83724944.8"
"SPY","1610742720000","January 15, 2021 3:32 pm","-27.853698219996","376.155","69304625","62885073.9","-82188975"
"SPY","1610742780000","January 15, 2021 3:33 pm","-40.311694161444","376.05","69626617","60106722","-88174390.9"
"SPY","1610742780000","January 15, 2021 3:33 pm","-38.930004008952","376.005","69509438","60401520.9","-87461547.9"
"SPY","1610742840000","January 15, 2021 3:34 pm","-35.505741534378","376.05","69655422","61622539.8","-86354213.9"
"SPY","1610742900000","January 15, 2021 3:35 pm","-31.737060981004","376.225","69744932","62856166.2","-84991157.8"
"SPY","1610742960000","January 15, 2021 3:36 pm","-21.473364775933","376.335","69855335","66204406.9","-81204697.8"
"SPY","1610743020000","January 15, 2021 3:37 pm","-33.046282622391","376.285","69946015","59344662.3","-82459220.1"
"SPY","1610743080000","January 15, 2021 3:38 pm","-22.835794893114","376.415","70464197","65672067.9","-81763127.4"
"SPY","1610743080000","January 15, 2021 3:38 pm","-19.792818680354","376.36","70399735","66643590.2","-80577682.1"
"SPY","1610743140000","January 15, 2021 3:39 pm","-29.927070267417","376.21","70649786","63431606.8","-84575017.9"
"SPY","1610743140000","January 15, 2021 3:39 pm","-23.916846950637","376.28","70520228","65338618.5","-82204833.5"
"SPY","1610743200000","January 15, 2021 3:40 pm","-31.708704880478","376.165","70727117","62921990.3","-85348643.1"
"SPY","1610743260000","January 15, 2021 3:41 pm","-21.535303263296","376.485","71021239","66055317.9","-81349957.1"
"SPY","1610743260000","January 15, 2021 3:41 pm","-26.434977670526","376.29","70880981","64446314.9","-83183686.4"
"SPY","1610743320000","January 15, 2021 3:42 pm","-29.141564333995","376.575","71204206","52147435.5","-72897455"
"SPY","1610743320000","January 15, 2021 3:42 pm","-15.930732766488","376.565","71086425","67941748.3","-79266336.7"
"SPY","1610743380000","January 15, 2021 3:43 pm","-10.986303667402","376.56","71297261","69629647.3","-77462580.9"
"SPY","1610743440000","January 15, 2021 3:44 pm","-34.345006763501","376.085","71834841","62645622.8","-87317303.8"
"SPY","1610743500000","January 15, 2021 3:45 pm","-55.433301281584","375.705","72179108","56904086.8","-96915349.2"
"SPY","1610743560000","January 15, 2021 3:46 pm","-50.9072690928","375.75","72646782","58549776.2","-95532269"
"SPY","1610743620000","January 15, 2021 3:47 pm","-47.922289309241","375.995","73075737","59625929.7","-94645495.8"
"SPY","1610743620000","January 15, 2021 3:47 pm","-47.920937609508","375.985","73071102","59624353.1","-94640710.3"
"SPY","1610743680000","January 15, 2021 3:48 pm","-41.970495460822","375.915","73471339","59392370","-90228655"
"SPY","1610743680000","January 15, 2021 3:48 pm","-41.966479054623","375.955","73452463","59388348.3","-90213760.8"
"SPY","1610743740000","January 15, 2021 3:49 pm","-54.162767976591","375.765","74083430","57939881.2","-98065517.5"
"SPY","1610743800000","January 15, 2021 3:50 pm","-20.040252946209","375.885","74520508","55166668.2","-70100766.5"
"SPY","1610743860000","January 15, 2021 3:51 pm","-57.046624644429","375.725","74853225","57315706.3","-100016944.6"
"SPY","1610743920000","January 15, 2021 3:52 pm","-55.180562896596","375.705","75178568","57926365.6","-99410322.6"
"SPY","1610743920000","January 15, 2021 3:52 pm","-55.171101291706","375.7","75191250","57926551.7","-99410392.4"
"SPY","1610743980000","January 15, 2021 3:53 pm","-51.049318609704","375.78","76183210","59285795.4","-98176805"
"SPY","1610743980000","January 15, 2021 3:53 pm","-47.271178839997","375.875","76068118","60174725.3","-96133021.4"
"SPY","1610744040000","January 15, 2021 3:54 pm","-47.025238397116","375.805","76412103","60652337.1","-96585310.7"
"SPY","1610744100000","January 15, 2021 3:55 pm","-60.641422642521","375.605","76860461","56456465.2","-103065742.2"
"SPY","1610744160000","January 15, 2021 3:56 pm","-56.285084885841","375.685","77148320","57812037.8","-101235035.2"
"SPY","1610744220000","January 15, 2021 3:57 pm","-60.192590291384","375.565","77588854","56724838.4","-103427579.4"
"SPY","1610744220000","January 15, 2021 3:57 pm","-61.281237821907","375.585","77518809","56320079.4","-103824565.1"
"SPY","1610744280000","January 15, 2021 3:58 pm","-62.924255671772","375.595","77903602","55245896.8","-104266158.5"
"SPY","1610744280000","January 15, 2021 3:58 pm","-58.15783142687","375.585","77862516","57481256.2","-102764407"
"SPY","1610744340000","January 15, 2021 3:59 pm","-63.931156483673","375.575","78222704","55369151.4","-105377830.7"